index	name
1	17Networks_LH_VisCent_Striate_1
2	17Networks_LH_VisCent_Striate_2
3	17Networks_LH_VisCent_ExStr_1
4	17Networks_LH_VisCent_ExStr_2
5	17Networks_LH_VisCent_ExStr_3
6	17Networks_LH_VisCent_ExStr_4
7	17Networks_LH_VisCent_ExStr_5
8	17Networks_LH_VisCent_ExStr_6
9	17Networks_LH_VisCent_ExStr_7
10	17Networks_LH_VisCent_ExStr_8
11	17Networks_LH_VisCent_ExStr_9
12	17Networks_LH_VisCent_ExStr_10
13	17Networks_LH_VisCent_ExStr_11
14	17Networks_LH_VisCent_ExStr_12
15	17Networks_LH_VisCent_ExStr_13
16	17Networks_LH_VisPeri_StriCal_1
17	17Networks_LH_VisPeri_StriCal_2
18	17Networks_LH_VisPeri_StriCal_3
19	17Networks_LH_VisPeri_StriCal_4
20	17Networks_LH_VisPeri_StriCal_5
21	17Networks_LH_VisPeri_ExStrInf_1
22	17Networks_LH_VisPeri_ExStrInf_2
23	17Networks_LH_VisPeri_ExStrInf_3
24	17Networks_LH_VisPeri_ExStrInf_4
25	17Networks_LH_VisPeri_ExStrInf_5
26	17Networks_LH_VisPeri_ExStrSup_1
27	17Networks_LH_VisPeri_ExStrSup_2
28	17Networks_LH_VisPeri_ExStrSup_3
29	17Networks_LH_VisPeri_ExStrSup_4
30	17Networks_LH_VisPeri_ExStrSup_5
31	17Networks_LH_SomMotA_1
32	17Networks_LH_SomMotA_2
33	17Networks_LH_SomMotA_3
34	17Networks_LH_SomMotA_4
35	17Networks_LH_SomMotA_5
36	17Networks_LH_SomMotA_6
37	17Networks_LH_SomMotA_7
38	17Networks_LH_SomMotA_8
39	17Networks_LH_SomMotA_9
40	17Networks_LH_SomMotA_10
41	17Networks_LH_SomMotA_11
42	17Networks_LH_SomMotA_12
43	17Networks_LH_SomMotA_13
44	17Networks_LH_SomMotA_14
45	17Networks_LH_SomMotA_15
46	17Networks_LH_SomMotA_16
47	17Networks_LH_SomMotA_17
48	17Networks_LH_SomMotA_18
49	17Networks_LH_SomMotA_19
50	17Networks_LH_SomMotA_20
51	17Networks_LH_SomMotA_21
52	17Networks_LH_SomMotA_22
53	17Networks_LH_SomMotA_23
54	17Networks_LH_SomMotB_Cent_1
55	17Networks_LH_SomMotB_Cent_2
56	17Networks_LH_SomMotB_Cent_3
57	17Networks_LH_SomMotB_Cent_4
58	17Networks_LH_SomMotB_Cent_5
59	17Networks_LH_SomMotB_Cent_6
60	17Networks_LH_SomMotB_Cent_7
61	17Networks_LH_SomMotB_S2_1
62	17Networks_LH_SomMotB_S2_2
63	17Networks_LH_SomMotB_S2_3
64	17Networks_LH_SomMotB_S2_4
65	17Networks_LH_SomMotB_S2_5
66	17Networks_LH_SomMotB_S2_6
67	17Networks_LH_SomMotB_Ins_1
68	17Networks_LH_SomMotB_Aud_1
69	17Networks_LH_SomMotB_Aud_2
70	17Networks_LH_SomMotB_Aud_3
71	17Networks_LH_SomMotB_Aud_4
72	17Networks_LH_SomMotB_Aud_5
73	17Networks_LH_SomMotB_Aud_6
74	17Networks_LH_SomMotB_Aud_7
75	17Networks_LH_DorsAttnA_TempOcc_1
76	17Networks_LH_DorsAttnA_TempOcc_2
77	17Networks_LH_DorsAttnA_TempOcc_3
78	17Networks_LH_DorsAttnA_ParOcc_1
79	17Networks_LH_DorsAttnA_ParOcc_2
80	17Networks_LH_DorsAttnA_ParOcc_3
81	17Networks_LH_DorsAttnA_SPL_1
82	17Networks_LH_DorsAttnA_SPL_2
83	17Networks_LH_DorsAttnA_SPL_3
84	17Networks_LH_DorsAttnA_SPL_4
85	17Networks_LH_DorsAttnA_SPL_5
86	17Networks_LH_DorsAttnA_SPL_6
87	17Networks_LH_DorsAttnA_SPL_7
88	17Networks_LH_DorsAttnA_SPL_8
89	17Networks_LH_DorsAttnB_TempOcc_1
90	17Networks_LH_DorsAttnB_PostC_1
91	17Networks_LH_DorsAttnB_PostC_2
92	17Networks_LH_DorsAttnB_PostC_3
93	17Networks_LH_DorsAttnB_PostC_4
94	17Networks_LH_DorsAttnB_PostC_5
95	17Networks_LH_DorsAttnB_PostC_6
96	17Networks_LH_DorsAttnB_PostC_7
97	17Networks_LH_DorsAttnB_PostC_8
98	17Networks_LH_DorsAttnB_FEF_1
99	17Networks_LH_DorsAttnB_FEF_2
100	17Networks_LH_DorsAttnB_FEF_3
101	17Networks_LH_SalVentAttnA_ParOper_1
102	17Networks_LH_SalVentAttnA_ParOper_2
103	17Networks_LH_SalVentAttnA_ParOper_3
104	17Networks_LH_SalVentAttnA_ParOper_4
105	17Networks_LH_SalVentAttnA_FrOper_1
106	17Networks_LH_SalVentAttnA_FrOper_2
107	17Networks_LH_SalVentAttnA_FrOper_3
108	17Networks_LH_SalVentAttnA_Ins_1
109	17Networks_LH_SalVentAttnA_Ins_2
110	17Networks_LH_SalVentAttnA_Ins_3
111	17Networks_LH_SalVentAttnA_Ins_4
112	17Networks_LH_SalVentAttnA_ParMed_1
113	17Networks_LH_SalVentAttnA_ParMed_2
114	17Networks_LH_SalVentAttnA_ParMed_3
115	17Networks_LH_SalVentAttnA_ParMed_4
116	17Networks_LH_SalVentAttnA_ParMed_5
117	17Networks_LH_SalVentAttnA_FrMed_1
118	17Networks_LH_SalVentAttnA_FrMed_2
119	17Networks_LH_SalVentAttnA_FrMed_3
120	17Networks_LH_SalVentAttnA_FrMed_4
121	17Networks_LH_SalVentAttnA_FrMed_5
122	17Networks_LH_SalVentAttnB_IPL_1
123	17Networks_LH_SalVentAttnB_PFCl_1
124	17Networks_LH_SalVentAttnB_PFCl_2
125	17Networks_LH_SalVentAttnB_PFCl_3
126	17Networks_LH_SalVentAttnB_Ins_1
127	17Networks_LH_SalVentAttnB_Ins_2
128	17Networks_LH_SalVentAttnB_Ins_3
129	17Networks_LH_SalVentAttnB_PFCmp_1
130	17Networks_LH_SalVentAttnB_PFCmp_2
131	17Networks_LH_SalVentAttnB_PFCmp_3
132	17Networks_LH_SalVentAttnB_PFCmp_4
133	17Networks_LH_LimbicB_OFC_1
134	17Networks_LH_LimbicB_OFC_2
135	17Networks_LH_LimbicB_OFC_3
136	17Networks_LH_LimbicB_OFC_4
137	17Networks_LH_LimbicB_OFC_5
138	17Networks_LH_LimbicB_OFC_6
139	17Networks_LH_LimbicA_TempPole_1
140	17Networks_LH_LimbicA_TempPole_2
141	17Networks_LH_LimbicA_TempPole_3
142	17Networks_LH_LimbicA_TempPole_4
143	17Networks_LH_LimbicA_TempPole_5
144	17Networks_LH_LimbicA_TempPole_6
145	17Networks_LH_LimbicA_TempPole_7
146	17Networks_LH_LimbicA_TempPole_8
147	17Networks_LH_LimbicA_TempPole_9
148	17Networks_LH_LimbicA_TempPole_10
149	17Networks_LH_ContA_Temp_1
150	17Networks_LH_ContA_IPS_1
151	17Networks_LH_ContA_IPS_2
152	17Networks_LH_ContA_IPS_3
153	17Networks_LH_ContA_IPS_4
154	17Networks_LH_ContA_IPS_5
155	17Networks_LH_ContA_IPS_6
156	17Networks_LH_ContA_IPS_7
157	17Networks_LH_ContA_IPS_8
158	17Networks_LH_ContA_PFCd_1
159	17Networks_LH_ContA_PFCd_2
160	17Networks_LH_ContA_PFCl_1
161	17Networks_LH_ContA_PFCl_2
162	17Networks_LH_ContA_PFCl_3
163	17Networks_LH_ContA_PFCl_4
164	17Networks_LH_ContA_PFCl_5
165	17Networks_LH_ContA_PFClv_1
166	17Networks_LH_ContA_Cingm_1
167	17Networks_LH_ContB_Temp_1
168	17Networks_LH_ContB_IPL_1
169	17Networks_LH_ContB_IPL_2
170	17Networks_LH_ContB_PFCd_1
171	17Networks_LH_ContB_PFCd_2
172	17Networks_LH_ContB_PFCl_1
173	17Networks_LH_ContB_PFClv_1
174	17Networks_LH_ContB_PFClv_2
175	17Networks_LH_ContB_PFClv_3
176	17Networks_LH_ContB_PFClv_4
177	17Networks_LH_ContB_PFCmp_1
178	17Networks_LH_ContC_pCun_1
179	17Networks_LH_ContC_pCun_2
180	17Networks_LH_ContC_pCun_3
181	17Networks_LH_ContC_pCun_4
182	17Networks_LH_ContC_Cingp_1
183	17Networks_LH_ContC_Cingp_2
184	17Networks_LH_DefaultA_IPL_1
185	17Networks_LH_DefaultA_IPL_2
186	17Networks_LH_DefaultA_IPL_3
187	17Networks_LH_DefaultA_IPL_4
188	17Networks_LH_DefaultA_PFCd_1
189	17Networks_LH_DefaultA_PFCd_2
190	17Networks_LH_DefaultA_PFCd_3
191	17Networks_LH_DefaultA_pCunPCC_1
192	17Networks_LH_DefaultA_pCunPCC_2
193	17Networks_LH_DefaultA_pCunPCC_3
194	17Networks_LH_DefaultA_pCunPCC_4
195	17Networks_LH_DefaultA_pCunPCC_5
196	17Networks_LH_DefaultA_pCunPCC_6
197	17Networks_LH_DefaultA_pCunPCC_7
198	17Networks_LH_DefaultA_pCunPCC_8
199	17Networks_LH_DefaultA_PFCm_1
200	17Networks_LH_DefaultA_PFCm_2
201	17Networks_LH_DefaultA_PFCm_3
202	17Networks_LH_DefaultA_PFCm_4
203	17Networks_LH_DefaultA_PFCm_5
204	17Networks_LH_DefaultA_PFCm_6
205	17Networks_LH_DefaultA_PFCm_7
206	17Networks_LH_DefaultB_Temp_1
207	17Networks_LH_DefaultB_Temp_2
208	17Networks_LH_DefaultB_Temp_3
209	17Networks_LH_DefaultB_Temp_4
210	17Networks_LH_DefaultB_Temp_5
211	17Networks_LH_DefaultB_Temp_6
212	17Networks_LH_DefaultB_IPL_1
213	17Networks_LH_DefaultB_IPL_2
214	17Networks_LH_DefaultB_PFCd_1
215	17Networks_LH_DefaultB_PFCd_2
216	17Networks_LH_DefaultB_PFCd_3
217	17Networks_LH_DefaultB_PFCd_4
218	17Networks_LH_DefaultB_PFCd_5
219	17Networks_LH_DefaultB_PFCd_6
220	17Networks_LH_DefaultB_PFCd_7
221	17Networks_LH_DefaultB_PFCl_1
222	17Networks_LH_DefaultB_PFCl_2
223	17Networks_LH_DefaultB_PFCv_1
224	17Networks_LH_DefaultB_PFCv_2
225	17Networks_LH_DefaultB_PFCv_3
226	17Networks_LH_DefaultB_PFCv_4
227	17Networks_LH_DefaultB_PFCv_5
228	17Networks_LH_DefaultB_PFCv_6
229	17Networks_LH_DefaultB_PFCv_7
230	17Networks_LH_DefaultB_PFCv_8
231	17Networks_LH_DefaultC_IPL_1
232	17Networks_LH_DefaultC_Rsp_1
233	17Networks_LH_DefaultC_Rsp_2
234	17Networks_LH_DefaultC_Rsp_3
235	17Networks_LH_DefaultC_Rsp_4
236	17Networks_LH_DefaultC_PHC_1
237	17Networks_LH_DefaultC_PHC_2
238	17Networks_LH_DefaultC_PHC_3
239	17Networks_LH_DefaultC_PHC_4
240	17Networks_LH_DefaultC_PHC_5
241	17Networks_LH_TempPar_1
242	17Networks_LH_TempPar_2
243	17Networks_LH_TempPar_3
244	17Networks_LH_TempPar_4
245	17Networks_LH_TempPar_5
246	17Networks_LH_TempPar_6
247	17Networks_LH_TempPar_7
248	17Networks_LH_TempPar_8
249	17Networks_LH_TempPar_9
250	17Networks_LH_TempPar_10
251	17Networks_RH_VisCent_Striate_1
252	17Networks_RH_VisCent_ExStr_1
253	17Networks_RH_VisCent_ExStr_2
254	17Networks_RH_VisCent_ExStr_3
255	17Networks_RH_VisCent_ExStr_4
256	17Networks_RH_VisCent_ExStr_5
257	17Networks_RH_VisCent_ExStr_6
258	17Networks_RH_VisCent_ExStr_7
259	17Networks_RH_VisCent_ExStr_8
260	17Networks_RH_VisCent_ExStr_9
261	17Networks_RH_VisCent_ExStr_10
262	17Networks_RH_VisCent_ExStr_11
263	17Networks_RH_VisCent_ExStr_12
264	17Networks_RH_VisCent_ExStr_13
265	17Networks_RH_VisCent_ExStr_14
266	17Networks_RH_VisCent_ExStr_15
267	17Networks_RH_VisCent_ExStr_16
268	17Networks_RH_VisPeri_StriCal_1
269	17Networks_RH_VisPeri_StriCal_2
270	17Networks_RH_VisPeri_StriCal_3
271	17Networks_RH_VisPeri_StriCal_4
272	17Networks_RH_VisPeri_ExStrInf_1
273	17Networks_RH_VisPeri_ExStrInf_2
274	17Networks_RH_VisPeri_ExStrInf_3
275	17Networks_RH_VisPeri_ExStrInf_4
276	17Networks_RH_VisPeri_ExStrInf_5
277	17Networks_RH_VisPeri_ExStrSup_1
278	17Networks_RH_VisPeri_ExStrSup_2
279	17Networks_RH_VisPeri_ExStrSup_3
280	17Networks_RH_SomMotA_1
281	17Networks_RH_SomMotA_2
282	17Networks_RH_SomMotA_3
283	17Networks_RH_SomMotA_4
284	17Networks_RH_SomMotA_5
285	17Networks_RH_SomMotA_6
286	17Networks_RH_SomMotA_7
287	17Networks_RH_SomMotA_8
288	17Networks_RH_SomMotA_9
289	17Networks_RH_SomMotA_10
290	17Networks_RH_SomMotA_11
291	17Networks_RH_SomMotA_12
292	17Networks_RH_SomMotA_13
293	17Networks_RH_SomMotA_14
294	17Networks_RH_SomMotA_15
295	17Networks_RH_SomMotA_16
296	17Networks_RH_SomMotA_17
297	17Networks_RH_SomMotA_18
298	17Networks_RH_SomMotA_19
299	17Networks_RH_SomMotA_20
300	17Networks_RH_SomMotA_21
301	17Networks_RH_SomMotA_22
302	17Networks_RH_SomMotA_23
303	17Networks_RH_SomMotA_24
304	17Networks_RH_SomMotA_25
305	17Networks_RH_SomMotA_26
306	17Networks_RH_SomMotB_Cent_1
307	17Networks_RH_SomMotB_Cent_2
308	17Networks_RH_SomMotB_Cent_3
309	17Networks_RH_SomMotB_Cent_4
310	17Networks_RH_SomMotB_Cent_5
311	17Networks_RH_SomMotB_S2_1
312	17Networks_RH_SomMotB_S2_2
313	17Networks_RH_SomMotB_S2_3
314	17Networks_RH_SomMotB_S2_4
315	17Networks_RH_SomMotB_S2_5
316	17Networks_RH_SomMotB_S2_6
317	17Networks_RH_SomMotB_S2_7
318	17Networks_RH_SomMotB_S2_8
319	17Networks_RH_SomMotB_Ins_1
320	17Networks_RH_SomMotB_Aud_1
321	17Networks_RH_SomMotB_Aud_2
322	17Networks_RH_SomMotB_Aud_3
323	17Networks_RH_DorsAttnA_TempOcc_1
324	17Networks_RH_DorsAttnA_TempOcc_2
325	17Networks_RH_DorsAttnA_ParOcc_1
326	17Networks_RH_DorsAttnA_ParOcc_2
327	17Networks_RH_DorsAttnA_ParOcc_3
328	17Networks_RH_DorsAttnA_SPL_1
329	17Networks_RH_DorsAttnA_SPL_2
330	17Networks_RH_DorsAttnA_SPL_3
331	17Networks_RH_DorsAttnA_SPL_4
332	17Networks_RH_DorsAttnA_SPL_5
333	17Networks_RH_DorsAttnA_SPL_6
334	17Networks_RH_DorsAttnA_SPL_7
335	17Networks_RH_DorsAttnA_SPL_8
336	17Networks_RH_DorsAttnB_TempOcc_1
337	17Networks_RH_DorsAttnB_PostC_1
338	17Networks_RH_DorsAttnB_PostC_2
339	17Networks_RH_DorsAttnB_PostC_3
340	17Networks_RH_DorsAttnB_PostC_4
341	17Networks_RH_DorsAttnB_PostC_5
342	17Networks_RH_DorsAttnB_PostC_6
343	17Networks_RH_DorsAttnB_PostC_7
344	17Networks_RH_DorsAttnB_PostC_8
345	17Networks_RH_DorsAttnB_PostC_9
346	17Networks_RH_DorsAttnB_PostC_10
347	17Networks_RH_DorsAttnB_PostC_11
348	17Networks_RH_DorsAttnB_FEF_1
349	17Networks_RH_DorsAttnB_FEF_2
350	17Networks_RH_DorsAttnB_FEF_3
351	17Networks_RH_DorsAttnB_FEF_4
352	17Networks_RH_DorsAttnB_PrCv_1
353	17Networks_RH_SalVentAttnA_ParOper_1
354	17Networks_RH_SalVentAttnA_ParOper_2
355	17Networks_RH_SalVentAttnA_ParOper_3
356	17Networks_RH_SalVentAttnA_ParOper_4
357	17Networks_RH_SalVentAttnA_PrC_1
358	17Networks_RH_SalVentAttnA_FrOper_1
359	17Networks_RH_SalVentAttnA_FrOper_2
360	17Networks_RH_SalVentAttnA_FrOper_3
361	17Networks_RH_SalVentAttnA_Ins_1
362	17Networks_RH_SalVentAttnA_Ins_2
363	17Networks_RH_SalVentAttnA_Ins_3
364	17Networks_RH_SalVentAttnA_Ins_4
365	17Networks_RH_SalVentAttnA_ParMed_1
366	17Networks_RH_SalVentAttnA_ParMed_2
367	17Networks_RH_SalVentAttnA_ParMed_3
368	17Networks_RH_SalVentAttnA_ParMed_4
369	17Networks_RH_SalVentAttnA_ParMed_5
370	17Networks_RH_SalVentAttnA_FrMed_1
371	17Networks_RH_SalVentAttnA_FrMed_2
372	17Networks_RH_SalVentAttnA_FrMed_3
373	17Networks_RH_SalVentAttnA_FrMed_4
374	17Networks_RH_SalVentAttnB_IPL_1
375	17Networks_RH_SalVentAttnB_IPL_2
376	17Networks_RH_SalVentAttnB_IPL_3
377	17Networks_RH_SalVentAttnB_PFCd_1
378	17Networks_RH_SalVentAttnB_PFCl_1
379	17Networks_RH_SalVentAttnB_PFCl_2
380	17Networks_RH_SalVentAttnB_PFCl_3
381	17Networks_RH_SalVentAttnB_PFCl_4
382	17Networks_RH_SalVentAttnB_PFClv_1
383	17Networks_RH_SalVentAttnB_Ins_1
384	17Networks_RH_SalVentAttnB_Ins_2
385	17Networks_RH_SalVentAttnB_Ins_3
386	17Networks_RH_SalVentAttnB_Ins_4
387	17Networks_RH_SalVentAttnB_PFCmp_1
388	17Networks_RH_SalVentAttnB_PFCmp_2
389	17Networks_RH_SalVentAttnB_PFCmp_3
390	17Networks_RH_SalVentAttnB_Cinga_1
391	17Networks_RH_LimbicB_OFC_1
392	17Networks_RH_LimbicB_OFC_2
393	17Networks_RH_LimbicB_OFC_3
394	17Networks_RH_LimbicB_OFC_4
395	17Networks_RH_LimbicB_OFC_5
396	17Networks_RH_LimbicB_OFC_6
397	17Networks_RH_LimbicB_OFC_7
398	17Networks_RH_LimbicA_TempPole_1
399	17Networks_RH_LimbicA_TempPole_2
400	17Networks_RH_LimbicA_TempPole_3
401	17Networks_RH_LimbicA_TempPole_4
402	17Networks_RH_LimbicA_TempPole_5
403	17Networks_RH_LimbicA_TempPole_6
404	17Networks_RH_LimbicA_TempPole_7
405	17Networks_RH_LimbicA_TempPole_8
406	17Networks_RH_LimbicA_TempPole_9
407	17Networks_RH_ContA_IPS_1
408	17Networks_RH_ContA_IPS_2
409	17Networks_RH_ContA_IPS_3
410	17Networks_RH_ContA_IPS_4
411	17Networks_RH_ContA_PFCd_1
412	17Networks_RH_ContA_PFCl_1
413	17Networks_RH_ContA_PFCl_2
414	17Networks_RH_ContA_PFCl_3
415	17Networks_RH_ContA_PFCl_4
416	17Networks_RH_ContA_PFCl_5
417	17Networks_RH_ContA_PFCl_6
418	17Networks_RH_ContA_PFCl_7
419	17Networks_RH_ContA_Cingm_1
420	17Networks_RH_ContB_Temp_1
421	17Networks_RH_ContB_Temp_2
422	17Networks_RH_ContB_Temp_3
423	17Networks_RH_ContB_IPL_1
424	17Networks_RH_ContB_IPL_2
425	17Networks_RH_ContB_IPL_3
426	17Networks_RH_ContB_IPL_4
427	17Networks_RH_ContB_IPL_5
428	17Networks_RH_ContB_PFCld_1
429	17Networks_RH_ContB_PFCld_2
430	17Networks_RH_ContB_PFCld_3
431	17Networks_RH_ContB_PFCld_4
432	17Networks_RH_ContB_PFCld_5
433	17Networks_RH_ContB_PFCld_6
434	17Networks_RH_ContB_PFClv_1
435	17Networks_RH_ContB_PFClv_2
436	17Networks_RH_ContB_PFClv_3
437	17Networks_RH_ContB_PFClv_4
438	17Networks_RH_ContB_PFClv_5
439	17Networks_RH_ContB_PFCmp_1
440	17Networks_RH_ContB_PFCmp_2
441	17Networks_RH_ContC_pCun_1
442	17Networks_RH_ContC_pCun_2
443	17Networks_RH_ContC_pCun_3
444	17Networks_RH_ContC_pCun_4
445	17Networks_RH_ContC_pCun_5
446	17Networks_RH_ContC_pCun_6
447	17Networks_RH_ContC_Cingp_1
448	17Networks_RH_ContC_Cingp_2
449	17Networks_RH_ContC_Cingp_3
450	17Networks_RH_DefaultA_Temp_1
451	17Networks_RH_DefaultA_IPL_1
452	17Networks_RH_DefaultA_IPL_2
453	17Networks_RH_DefaultA_IPL_3
454	17Networks_RH_DefaultA_PFCd_1
455	17Networks_RH_DefaultA_PFCd_2
456	17Networks_RH_DefaultA_PFCd_3
457	17Networks_RH_DefaultA_pCunPCC_1
458	17Networks_RH_DefaultA_pCunPCC_2
459	17Networks_RH_DefaultA_pCunPCC_3
460	17Networks_RH_DefaultA_pCunPCC_4
461	17Networks_RH_DefaultA_pCunPCC_5
462	17Networks_RH_DefaultA_pCunPCC_6
463	17Networks_RH_DefaultA_pCunPCC_7
464	17Networks_RH_DefaultA_PFCm_1
465	17Networks_RH_DefaultA_PFCm_2
466	17Networks_RH_DefaultA_PFCm_3
467	17Networks_RH_DefaultA_PFCm_4
468	17Networks_RH_DefaultA_PFCm_5
469	17Networks_RH_DefaultA_PFCm_6
470	17Networks_RH_DefaultA_PFCm_7
471	17Networks_RH_DefaultB_Temp_1
472	17Networks_RH_DefaultB_Temp_2
473	17Networks_RH_DefaultB_AntTemp_1
474	17Networks_RH_DefaultB_AntTemp_2
475	17Networks_RH_DefaultB_PFCd_1
476	17Networks_RH_DefaultB_PFCd_2
477	17Networks_RH_DefaultB_PFCd_3
478	17Networks_RH_DefaultB_PFCd_4
479	17Networks_RH_DefaultB_PFCd_5
480	17Networks_RH_DefaultB_PFCv_1
481	17Networks_RH_DefaultB_PFCv_2
482	17Networks_RH_DefaultB_PFCv_3
483	17Networks_RH_DefaultC_IPL_1
484	17Networks_RH_DefaultC_Rsp_1
485	17Networks_RH_DefaultC_Rsp_2
486	17Networks_RH_DefaultC_PHC_1
487	17Networks_RH_DefaultC_PHC_2
488	17Networks_RH_DefaultC_PHC_3
489	17Networks_RH_TempPar_1
490	17Networks_RH_TempPar_2
491	17Networks_RH_TempPar_3
492	17Networks_RH_TempPar_4
493	17Networks_RH_TempPar_5
494	17Networks_RH_TempPar_6
495	17Networks_RH_TempPar_7
496	17Networks_RH_TempPar_8
497	17Networks_RH_TempPar_9
498	17Networks_RH_TempPar_10
499	17Networks_RH_TempPar_11
500	17Networks_RH_TempPar_12
